"ID","Amount","BookName","Authors","Supporter","Publisher","Year","ISBN","ClassificationNumber","Tags"
,2,"森林大滅絕","戴立克.簡申(Derrick Jensen), 喬治.德芮芬(George Draffan)",,"新自然主義出版",2005,9789869611732,436.12,"森林生態學,森林保護"
,2,"中國文化大學校園植物解說手冊","林志欽、卓子右、姚明堯、劉晉榮、郭信利、蘇伯瀚、謝億文、朱珉寬","蘇夢淮","中國文化大學森林暨自然保育學系","2004年","9789866710339","375.233/101","植物,植物生態學,解說,臺北市"
,2,"臺中學國際研討會論文集-融和 連結 共好","東海大學產學與育成中心",,"臺中市政府研究發展考核委員會","2018年",,,
,2,"花現芳蹤 陽明山賞花手冊","陽明山國家公園",,"陽明山國家公園管理處",2017,"978-986-05-4920-1",435.4,"花卉,賞花,陽明山國家公園"
,2,"天空的眼睛","夏曼藍波安","蔡智豪、賀安玉","聯經出版","2014年","978-957-08-4027-8",,
,2,"夢想南極 : 荒冰野地的魅力","陳維滄","吳明書","山岳文化出版","2004年","957-28181-9-8",,
,2,"雪山綠緣-雪山地區植物選介","歐辰雄、呂金誠",,"苗栗縣大湖鄉:雪霸國家公園","2002年二版","957-02-6457-8",,"植物,臺灣"
,2,"草山新心情","吳明勳, 白明寶編輯設計",,"陽明山國家公園管理處",,"--",,"國家公園,臺灣"
,3,"展讀大坑天書","陳玉峰",,"臺灣生態研究中心","2005年","957-8614-20-9","無",
,3,"明日的餐桌 : 世界正在吃什麼?面對食安危機,我們需要美味的倫理與食物的正義 = A revolution at your table","余宛如",,"果力文化出版","2014年","978-986-89294-9-4",,"食品衛生,健康飲食"
,4,"台灣蝴蝶-食草與蜜源植物大圖鑑","林春吉",,"天下遠見出版","2008年","978-986-216-112-8",,"蝴蝶,植物圖鑑,臺灣"
,,"臺灣素人 : 宗教、精神、價值與人格","陳玉峯",,"前衛出版","2012年","978-957-801-696-5",,"宗教,精神,價值與人格"
,,"當新教宗遇見聖方濟","張力揚",,"雅歌出版","2014年","978-986-6927-28-7",,"天主教,靈修,基督徒"
,,"台灣必須廢核的10個理由","劉黎兒",,"先覺出版","2011年","978-986-134-181-1",,"核能發電,核子事故"
,,"我們經不起一次核災","劉黎兒",,"先覺出版","2011年","978-986-134-178-1",,"核子事故,核能汙染,核能發電"
,,"廢核-給孩子安心的未來","劉黎兒",,"今周刊出版","2013年","978-986-89384-5-8",,"核能發電,核子事故"
,,"核電是騙人的","小出裕章",,"推守文化創意出版","2012年","978-986-6570-77-3",,"核能發電,核能汙染,輻射防護"
,,"逃/我們的寶島，他們的牢","逃跑外勞","鄭武燦","時報文化","2012年","978-957-13-5555-9",,"外籍勞工,報導文學"
,,"車諾比的悲鳴","亞歷塞維奇 (Aleksievich, Svetlana)",,"泰電電業出版","2011年","978-986-6076-22-0",,"核子事故,訪談,俄國"
,,"餐桌上的家鄉","社團法人中華民國南洋台灣姐妹會",,"時報文化出版企業股份有限公司","2017年","978-957-13-6810-8",,
,,"自己的台灣自己救","台灣人權文化協會",,"費邊社文創出版","2015年","978-986-91218-1-1",,"臺灣關係法,臺美關係,文集"
,,"透光的暗暝 : 臺中政治受難者暨相關人士口訪紀錄","陳彥斌",,"臺中市政府文化局出版","106年","978-986-05-4082-6",,"白色恐怖,政治迫害,台灣傳記,口述歷史"
,,"蘇建和案21年生死簿:蘇友辰律師口述史","蘇友辰",,"前衛","2013年","978-957-801-721-4",,"司法制度,審判"
,,"十萬島文識臺灣","台灣人權文化協會",,"台灣人權文化協會","2017年","978-986-95912-0-1",,"人權,多元文化,文集,臺灣"
,,"阿里山俱樂部","陳月霞",,"玉山社","2010年","978-986-6789-74-8",,"人文地理,通俗作品,阿里山"
,,"阿里山物語(上)","陳月霞",,"前衛","2015年",,,"林業,歷史,嘉義縣阿里山鄉"
,,"阿里山物語(下)","陳月霞",,"前衛","2015年","978-957-801-767-2",,"林業,歷史,嘉義縣阿里山鄉"
,,"世界上最古老的生物","薩斯曼 (Sussman, Rachel)",,"遠流","2016年","978-957-32-7849-8",,"生物,植物"
,,"臺灣生態社區的故事","何貞青，鄭一青，林琮盛",,"南投縣埔里鎮 : 新故鄉文教基金會","94年","957-30094-5-5",,"社區營造,臺灣,社區發展"
,,"泰雅傳統竹屋","林為道(Baunay.Watan)",,"苗栗縣大湖鄉 : 內政部營建署雪霸國家公園管理處","92年","957-01-5667-8",,"泰雅族,社會生活與風俗,房屋,建築"
,,"織起一座彩虹祖靈橋","尤馬.達陸",,"苗栗縣大湖鄉 : 內政部營建署雪霸國家公園管理處","92年","957-01-5595-7",,"泰雅族,文化,織染工藝美術"
,,"猴蔗花開","阿默",,"南投縣文化局出版","2012年","978-986-033-045-8",,
,,"與孩子分享自然","約瑟夫.柯內爾(Joseph Cornell)",,"張老師","1994年二版","957-693-633-0",,
,,"共享自然的喜悅","約瑟夫.柯內爾(Joseph Cornell)",,"張老師","1994年二版","957-693-644-6",,
,,"傾聽自然","約瑟夫.柯內爾(Joseph Cornell)",,"張老師","1994年二版","978-957-693-676-0",,"Nature conservation,Popular works."
,,"我生命中的花草樹木","阿默",,"張老師","2011年","978-957-693-771-2",,"植物,通俗性讀物"
,,"捍衛正義 : 烏山頭水庫保衛戰","朱淑娟",,"巨流","2014年","978-957-732-488-7",,"環境保護,水庫,個案研究"
,,"玉峯觀止-台灣自然、宗教與教育之我見","陳玉峯",,"前衛出版","2012年","978-957-801-691-0",,"言論集"
,,"21世紀台灣主流的土石亂流","陳玉峯、張豐年",,"前衛出版","2002年","957-801-345-0",,"土石流,環境保護,文集"
,,"山災地變人造孽-21世紀台灣主流的土石亂流","陳玉峯等",,"前衛出版","2012年","978-957-801-693-4",,"土石流,環境保護,文集"
,,"敏督利注","陳玉峯",,"淨心文教基金會","94年","957-30401-7-4",,"自然保育,環境保護"
,,"綠島金夢","陳玉峯",,"前衛出版","2015年","978-957-801-771-9",,"文化,歷史,訪談,台東縣綠島鄉"
,,"珍愛地球家園-氣候變遷的危機與轉機","張力揚",,"雅歌出版","2010年","978-986-6927-14-0",,"全球氣候變遷,地球暖化,氣候災害,環境保護,文集"
,,"學做自然的孩子-國家公園之父謬爾如何觀察自然","柯內爾 (Cornell, Joseph Bharat)",,"張老師文化","2000年","957-693-45",,"自然史,通俗作品,自然保育"
,,"女農討山誌-一個女子與土地的深情記事","阿寶",,"張老師","2004年","978-957-693-578-7",,
,,"我的水中夥伴-生物學家談台灣溪流魚類和環境故事","方力行","蔡智豪","遠足文化","2015年","978-986-5842-64-2",,"魚類,淡水生物,臺灣"
,,"2045日本曙光再現-暖化大預言","加藤欣介",,"泰電電業出版","2011年","978-986-6076-17-6",,
,,"生命之源-能量、演化與複雜生命的起源","尼克‧連恩(Nick Lane)","蔡智豪","貓頭鷹出版","2016年","978-986-262-310-7",,"生命論,演化論"
,,"舂辣椒的滋味 : 清境義民人群之認同內涵與變遷","吳秀雀","山里好巷書店","開學文化出版","2015年","978-986-91323-5-0",,"文化人類學,族群認同,田野工作,南投縣仁愛鄉"
,,"美濃客家民俗植物誌(1)","宋長青","宋長青","高雄市美濃愛鄉協進會","2013年","978-986-88367-0-9",,"植物志,客家,高雄市美濃區"
,,"植物看得見你 : 還聞得到、知道蟲子的size、有方向感、有記憶─你想像不到的超強感受力!","丹尼爾.查莫維茲(Daniel Chamovitz)",,"麥田出版","2012年","978-986-173-803-1",,"植物,植物生理學"
,,"低碳生活的24堂課 : 小至馬桶大到棒球場的減碳提案","張楊乾","山林復育協會","朱雀文化出版","2009年","978-986-6780-50-9",,"能源節約"
,,"氣候變遷社會學 : 高碳社會及其轉型挑戰","周桂田","蔡智豪","國立臺灣大學出版中心出版","2017年","978-986-350-227-2",,"環境社會學,氣候變遷,環境保護"
,,"蜿蜒新社臺地的藍帶 : 食水嵙溪水域生態記事","張集益, 江東權, 溫思豪",,"臺中市農業局","2014年","978-986-04-0358-9",,"淡水生物,自然保育"
,,"梅峰山中行","王鑫",,"國立臺灣大學農學院附設山地實驗農場","1999年","--",,"南投縣仁愛鄉,描述與遊記"
,,"在街角，與到飛行:親近臺北都會50餘種鳥","劉克襄、社團法人台北市野鳥學會",,"北市觀光傳播局","2017年","978-986-05-1959-4",,"鳥,賞鳥,臺北市"
,,"溪流探索二十招","詹見平",,"教育部電子計算機中心自然生態學習網","2007年","978-986-00-9722-1",,
,,"山勢一所學校","台中縣新社鄉福民國民小學",,,,,,
,,"臺灣的殼斗科植物:櫟足之地","楊智凱、邱麗蓉、張良芳、王志強",,"農委會林務局","2014年","978-986-03-5091-3",377.22,"雙子葉植物,植物生態學"
,,"大潭藻礁  不要說再見！","桃園在地聯盟",,"桃園在地聯盟","2017年","978-986-95421-0-4",,"海洋生物,自然保育"
,,"搶救寂靜 : 一個野地錄音師的探索之旅","范欽慧",,"遠流","2015年","978-957-32-7608-1",,"自然保育,大自然聲音,動物聲音"
,,"手作步道 : 築徑人帶你走向百年古道、原民獵徑、郊山綠道,體驗人與自然的雙向療癒","許銘謙",,"果力文化出版","2016年","978-986-92994-4-2",,"登山,生態旅遊"
,,"瞬間-用鏡頭留住長江瀕危動物","高寶燕、張先鋒、王小強",,"北京:科學出版社","2008年","978-7-03-022289-3",,
,,"自然農 : 第一次栽培全圖解 : 向大自然學種菜!活化地力,最低程度介入的奇蹟栽培法","鏡山悅子",,"果力文化出版","2017年","978-986-95171-1-9",,"有機農業,栽培"
,,"我們的島:台灣三十年環境變遷全紀錄","柯金源",,"衛城出版","2018年","978-986-95334-9-2",,"紀錄片,環境演化,環境教育,臺灣"
,,"減碳的100個理由","劉峰松",,"臺中市環境保護局","2014年","978-986-04-2231-3",,"環境保護,能源節約"
,,"濕地生物多樣性研討會","蔣鎮宇、許再文",,"行政院農委會特有生物研究保育中心","2000年","957-02-6072-6",,
,,"生物觀察叢書-花的觀察","張素卿",,"普通高中生物學科中心","2010年","978-986-02-6350-3",,"生物,教學法,中等教育"
,,"展讀大坑天書","陳玉峰",,"台灣生態研究中心","2005年","957-8614-20-9",,
,,"鼻尖上的覺知-呼吸之間","斯瓦米拉瑪(Swami Rama)",,"親哲文化出版","2014年","978-986-87778-8-0",,"瑜珈,靈修"
,,"心靈瑜珈-改變生命能量的20個法則","斯瓦密韋達‧帕若堤",,"親哲文化出版","2012年","978-975-05800-2-4",,"印度哲學,靈修"
,,"第三種猩猩-人類的身世與未來","戴蒙 (Diamond, Jared M.)",,"時報文化","2000年","957-13-3089-2",,"生體學,人類學,演化論"
,,"少，但是更好","葛瑞格‧麥基昂(Greg McKeown)",,"遠見天下文化","2014年","978-986-320-562-3",,"決策管理"
,,"魯蛇","劉美妤等",,"眉角出版有限公司","2015年","--",,
,,"等一個人咖啡","九把刀",,"春天出版國際","2005年","986-7497-12-1",,
,,"當然 也不是 都那麼OK","路嘉怡",,"啟動文化出版","2015年","978-986-91660-6-5",,"婚姻,兩性關係"
,,"複眼人","吳明益","張育豪","夏日出版","2011年","978-986-86895-1-0",857.7,
,,"南方澳大戲院興亡史","邱坤良","蔡智豪","9/9少",,,,
,,"大山背的野孩子","劉興欽、劉永毅",,"如何出版","2012年","978-986-136-321-9",,"臺灣傳記"
,,"光的人","薛赫赫",,"本來","2014年","978-986-89193-1-0",,
,,"不能不去愛的兩件事","松浦彌太郎",,"麥田出版","2012年","978-986-173-807-9",,"修身,生活指導"
,,"白鯨記","赫曼‧梅爾維爾",,"華文網","2006年","957-0446-89-7",,
,,"一個人住第五年","高木直子",,"大田","2005年","957-455-780-4",,
,,"謝謝你，在這世界的一隅找到我(上)","河野史代",,"漫遊者文化事業股份有限公司","2014年","978-986-5956-99-8",,
,,"謝謝你，在這世界的一隅找到我(下)","河野史代",,"漫遊者文化事業股份有限公司","2014年","978-986-5671-00-6",,
,,"獻給阿爾吉儂的花束","丹尼爾.凱斯(Daniel Keyes)","林妍廷","皇冠","2010年","9789573327011",,"美國文學,小說"
,,"24個比利","丹尼爾.凱斯(Daniel Keyes)","林妍廷","皇冠","2014年","978-957-33-3075-2",,"傳記"
,,"人工智慧的未來","雷‧庫茲威爾(Ray Kurzweil)",,"經濟新潮社出版","2015年","978-986-6031-72-4",,"人工智慧"
,,"像鳥一樣思考 : 鳥兒的奇想生活與身、心、靈的奧妙","諾亞.史崔克(Noah Strycker)",,"新樂園, 遠足文化","2017年","978-986-94475-5-3",,"鳥類,動物行為"
,,"自私的基因","道金斯(Richard Dawkins)","蔡智豪","天下遠見","2016年二版","957-621-302-9",,"動物行為,動物遺傳學,演化論"
,,"你只是單純活著,還是有在動腦? : 質疑所謂理所當然的事","克莉絲汀.舒茲-萊斯(Christine Schulz-Reiss)文 ; 薇瑞娜.巴浩斯(Verena Ballhaus)","蔡智豪、陳昱安","麥田出版","2017年","978-986-344-465-7",,"西洋哲學,民主教育"
,,"政治人物可以說謊嗎?良心要多少才不算太多? : 參與討論的基本知識","克莉絲汀.舒茲-萊斯(Christine Schulz-Reiss)文 ; 薇瑞娜.巴浩斯(Verena Ballhaus)",,"麥田出版","2017年","978-986-344-460-2",,"政治教育,民主教育"
,,"捍衛權力的基本知識","克莉絲汀‧舒茲-萊斯","蔡智豪",,,,,
,,"正念的奇蹟","一行禪師(Thich Nhat Hanh)","蔡智豪","橡樹林文化,城邦文化出版","2017年四版","978-986-5613-54-9",225.7,"佛教修持"
,,"咖啡的科學","旦部幸博","蔡智豪","晨星","2017年","978-986-443-302-5",,"咖啡"
,,"榮町少年走天下 : 羅福全回憶錄","羅福全",,"天下遠見出版","2013年","978-986-320-249-3",,"回憶錄"
,,"文學台灣","鄭炯明",,"文學台灣雜誌社","2012年1","--",,
,,"賽局意識 : 看清情勢,先一步發掘機會點的終極思考","大衛.麥克亞當斯(David McAdams)",,"天下雜誌出版","2015年","978-986-398-083-4",,"策略規劃,博奕論"
,,"鏡頭背後的勇者 : 用生命與勇氣走過的戰地紀實之路","琳賽.艾達里歐(Lynsey Addario)",,"馬可孛羅文化出版","2015年","978-986-5722-73-9",,"攝影師,傳記"
,,"傾聽，不可思議的力量:學會諮商師的聽話術，你和別人都受益","東山紘久",,"究竟","2013年","978-986-137-169-6",,"溝通,傾聽,人際關係"
,,"開山佑民-慚愧祖師的啟示","林崑隆",,"南投縣鹿谷鄉鹿谷社區發展協會","2009年","978-986-8100627",,"民間信仰,南投縣"
,,"台中媽祖蒑台灣","陳彥斌",,"台中市政府文化局","2015年","978-986-178-369-7",,"媽祖,民間信仰"
,,"尋雄記 我與台灣黑熊的故事","黃美秀",,"遠流","2012年","978-957-32-6997-7",,"熊科,動物保育,通俗作品"
,,"危險年代的求生飲食","約翰.羅彬斯(John Robbins)",,"柿子文化","2010年","978-986-6191-01-5",,"健康飲食,食物"
,,"因為黑暗，所以我們穿越:台中政治受難者暨相關人士口訪記錄","張彥芳等口述:王伯仁等撰述",,"中市文化局","2015年","978-986-04-6496-2",,"白色恐怖,政治迫害,台灣傳記,口述歷史"
,,"狼學:對自己要夠狠，讓你對未來無所畏懼的八個步驟","李維文",,"大喜文化","2015年","978-986-90574-7-9",,"成功法,自我實現"
,,"有效學習扭轉人生 : 減少因學習能力落差所造成的人生機會落差","蕭文成",,"活石文化","2015年","978-986-91187-8-1",,"學習方法"
,,"眾神護台中-台中宮廟信仰傳奇","陳彥斌",,"台中市政府文化局出版","2017年","978-986-05-4241-7",,"寺廟,民間信仰"
,,"路人變被告 : 「走鐘」的刑事司法程序","Brandon . L Garrett",,"法團法人中華民國冤獄平反協會","2014年","978-986-90905-0-6",,"美國"
,,"曠野的聲音 : 一個美國婦人在澳洲沙漠的心靈之旅","瑪洛.摩根(Marlo Morgan)",,"智庫","1999年二版","957-8396-55-4",,
,,"少年台灣史-寫給島嶼的新世代和永懷少年心的國人","周婉窈",,"玉山社","2014年","978-986-294-075-4",,"臺灣史"
,,"我不OK！：改變世界的力量","珍妮‧麥斯威爾(Janine Maxwell)",,"前衛","2009年","978-957-801-620-0",,"孤兒,愛滋病,非洲"
,,"你OK嗎?：閱讀 行動 改變世界","珍妮‧麥斯威爾(Janine Maxwell)",,"前衛","2010年","978-957-801-645-3",,"孤兒,愛滋病,非洲,志願團體"
,,"無父之父 : 查理斯.穆利的人生故事","保羅.博格(Paul H. Boge)",,"前衛","2012年","978-957-801-687-3",,"穆利,傳記,肯亞"
,,"天空的眼睛","夏曼.藍波安",,"聯經出版","2012年","978-957-08-4027-8",,
,,"這世界需要傻瓜:美力台灣3D行動電影車的誕生奇蹟","曲全立",,"圓神出版","2016年","978-986-133-577-3",,"電影,導演,紀錄片"
,,"過得還不錯的一年 : 我的快樂生活提案","葛瑞琴.魯賓(Gretchen Rubin)",,"早安財經文化出版","2012年","978-986-6613-50-0",,"快樂,自我實現"
,,"橫斷記:台灣山林戰爭、帝國與影像","高俊宏",,"遠足文化","2017年","978-986-95479-0-1",,"臺灣史,日據時期"
,,"樹，記得自己的童年:一位女科學家勇敢追尋生命真理的故事","荷普‧潔倫",,"城邦文化事業股份有限公司","2017年","978-986-94680-7-7",,
,,"日本的森林哲學:宗教與文化","梅原猛",,"立緖文化出版","105年","978-986-360-054-1",,"宗教,文集"
,,"台灣現代詩","賴義雄",,"台灣現代詩人協會","2013年",,,
,,"永久和平中立-台灣走向東方瑞士之路","陳秀麗",,"望春風文化","2014年","978-986-6183-07-2",,"中立"
,,"我家沒垃圾:一個加州媽媽的零廢棄生活革命，重新找回更健康、富足、美好的人生","貝亞.強森(Bea Johnson)",,"遠流","2017年","978-957-32-8073-6",,"廢棄物處理,廢棄物利用,簡化生活"
,,"樹之歌:生物學家對宇宙萬物的哲學思索","大衛.喬治.哈思克(David George Haskell)",,"商周出版","2017年","978-986-477-300-8",436.12,"森林生態學,共生"
,,"戰略學","劉湘濱",,"台灣戰略模擬學會","2015年","978-986-92237-0-6",,"戰略,策略"
,,"生活槓桿:短時間發揮最大生產力，讓事業、生活、財富達到完美平衡的工作哲學","羅伯.摩爾(Rob Moore)",,"商周出版","2017年","978-986-477-279-7",,"職場成功法,時間管理"
,,"億萬年尺度的台灣:從地質公園追出島嶼身世","林書帆",,"衛城出版","2017年","978-986-95334-4-7",,"地質調查,天然公園,人文地理,臺灣"
,,"悲戀之歌:聆賞姚讚福","林良哲",,"台中市政府文化局","105年","978-986-05-0771-3",,"音樂家,傳記"
,,"台灣原生菜，尚好！吃在地、吃當季，從土地到餐桌最美好的時鮮滋味","厚生市集",,"尖端","2016年","978-957-10-6483-3",376.14,"食用植物,蔬菜食譜,臺灣"
,,"誠食:每一天，更安心的選擇","陳慧婷",,"天下雜誌出版","2016年","978-986-398-137-4",,"里仁公司,食品業,企業經營"
,,"永續生活New Vision創意生活環境之體驗設計","陳明石",,"陳明石出版","2015年","978-957-43-2923-6",,"產品設計,文集"
,,"台灣人四百年史","史明",,"施朝暉出版","2014年","978-957-43-1644-1",,"臺灣史"
,,"寶貝台灣‧台灣寶貝","黃朝洲",,"興台彩色印刷股份有限公司","1999年",,,
,,"台灣蝴蝶-食草與蜜源植物大圖鑑","林春吉",,"天下遠見出版","2008年","978-986-216-113-5",,"蝴蝶,植物圖鑑,臺灣"
,,"植物王國的小矮人 : 苔蘚植物","張力",,"澳門特別行政區民政總署員林綠化部","2009年","979-99937-0-012-7",,"苔蘚植物"
,,"台灣海藻簡介","江永棉、王瑋龍、黃淑芳",,"臺北市 : 省立博物館","1981年","--",,"海藻,臺灣"
,,"一個潮池的祕密 : 跟著生態觀察家一起探索臺灣東北角潮間帶","陳楊文",,"行人文化實驗室出版","2011年","978-986-86581-7-2",,"海洋生物,生物多樣性,通俗性讀物"
,,"台中縣的濕地與水生植物","李松柏",,"臺中縣自然生態保育協會","1999年","957-97709-0-5",,"水生植物,濕地,臺中縣"
,,"濕地的神奇捕手","陳朝政",,"金門縣金城鎮 : 金門縣政府","2009年","978-986-02-0879-5",,"觀賞植物,濕地,生物多樣性,自然保育,通俗性讀物"
,,"南濱草木集 : 臺南市濱海植物. (I)","李碧鳳等",,"行政院農業委員會特有生物研究保育中心","2015年","978-986-04-6033-9",,"草本植物,植物圖鑑,台南市"
,,"魚鄉-達娜伊谷溪流域動植物資源解說手冊","李雅景、顏仁德",,"嘉義縣政府","1999年二版","957-02-2913-6",,"自然保育,自然資源,嘉義縣"
,,"清水鎮植物誌","蔡紹斌",,"牛罵頭文化協進會","1999年","957-99036-2-X",,"植物,臺灣"
,,"發現道將圳生命力","楊清樑",,"道將圳文化學會","2008年","978-986-84646-0-5",,"社區總體營造,嘉義市"
,,"台灣草坪雜草圖鑑","徐玲明、蔣慕琰",,"貓頭鷹出版",2010,"978-986-6651-88-5",376.2025,"雜草,植物圖鑑,臺灣"
,,"蓋夏綠色精靈 第二輯：靜宜大學的草本植物","楊國禎、蘇姿鳳、洪千玉、陳欣一",,"靜宜大學","2001年","957-97670-4-1",,
,,"陽明山國家公園解說叢書-步道篇","叢培芝",,"內政部營建署陽明山國家公園管理處員工消費合作社","1996年","957-00-4769-0",,
,,"丹山草欲燃","李瑞宗",,"內政部營建署陽明山國家公園管理處員工消費合作社","1994年三版","--",,"植物,臺灣"
,,"青青雪見-雪見地區原生植物綠美化植栽手冊","王志強",,"雪霸國家公園管理處","2009年","978-986-02-1331-7",,"植物志,臺灣"
,,"台北植物園步道","潘富俊，黃小萍",,"貓頭鷹出版","2001年","957-469-604-9",,"臺北市立植物園,植物,臺灣"
,,"都會綠寶石：臺中都會公園","李碧英等",,"營建署",2009,"978-986-02-0312-7","733.9/115.64","旅遊,公園,解說,臺中市"
,,"高雄都會公園解說手冊(續)","黃南淵",,"內政部營建署","1998年","957-02-1113-X",,
,,"福寶生態園區解說手冊","陳中和、林世賢",,"彰化縣環境保護聯盟","2002年","--",,
,,"玉山氣象","李臺軍",,"內政部營建署玉山國家公園管理處","2005年","986-00-1119-2",,"氣象,天象,星座"
,,"玉山星情","吳福河",,"內政部營建署玉山國家公園管理處","2003年三版","957-01-0061-3",,"天象,星座"
,,"玉山遊記-生態旅遊導引","許菁如",,"玉山國家公園管理處","2008年二版","957-01-9322-0",,"生態旅遊,玉山國家公園"
,,"福山植物園解說系列-福山原生樹種","林則桐等",,"行政院農業委員會林業試驗所","1999年","957-02-4441-0",,
,,"福山植物園解說系列-水生植物池","董世良等",,"行政院農業委員會林業試驗所","1998年","957-02-1762-6",,
,,"大坑一號步道導覽手冊","王雅雯等",,,,,,
,,"壽山地區動物資源-解說教育手冊","王建平等",,"秋雨印刷股份有限公司","1996年","--",,
,,"綠水合流步道之旅. 1 : 太魯閣國家公園解說手冊","張惠珠主編",,"內政部營建署太魯閣國家公園管理處","1989年","--",,"國家公園,太魯閣國家公園"
,,"古道之旅",,,"觀光局","1998年","957-02-2044-9",,"台灣,描述與遊記,古蹟"
,,"虎山自然步道解說手冊","郭城孟, 林木根, 李美玲",,"主婦聯盟環境保護基金會","1994年","957-99942-0-X",,"生物,臺北市"
,,"仙跡岩自然步道解說手冊","陳健志等",,"主婦聯盟環境保護基金會出版社","1993年","--",,
,,"芝山岩自然步道解說手冊","陳建志等",,"主婦聯盟環境保護基金會出版社","1993年二版","--",,
,,"軍艦岩自然步道植物觀察手冊","賴雅芬等",,"主婦聯盟環境保護基金會","1993年","--",,
,,"惠蓀實驗林場常見的花","林文鎮等",,"國立中興大學森林系/行政院農業委員會 編印","1991年","--",,
,,"惠蓀實驗林場森林遊樂區常見的鳥類","黃光瀛等",,"國立中興大學同學院實驗林管理處","1991年二版","--",,
,,"賞蝶手冊","傅建民等",,"內政部營建署玉山國家公園管理處","1989年","--",,
,,"彰濱地區賞鳥手冊","朱慧敏等",,"台灣電力公司工安環保處","2008年","--",,
,,"密毛魔芋、臺灣魔芋 : 柴山最臭美的植物","梁靖薇",,"高雄教師會生態中心","2003年","957-28644-0-8",,"天南星目"
,,"銀合歡－台灣新的天然資源","姚季農",,"中華日報社","1981年","--",,
,,"藥草（一）","張憲昌",,"渡假出版社有限公司","1987年","--",,
,,"資源保育常用辭彙","行政院農委會編 ; 柳榗編",,"淑馨","1987年","--",,"生態學,字典,辭典,自然保育,地球科學"
,,"環保小百科-環境保護圖書系列二","行政院環境保護署",,,,"--",,
,,"墾丁國家公園海濱植物圖鑑","黃基修",,"屏東縣恆春鎮:墾丁國家公園","2017年四版","978-986-00-7078-1",,"植物,台灣,圖鑑,墾丁國家公園"
,,"台灣原生植物全圖鑑(一二三四五卷)","許天銓、鐘詩文","山林復育協會","貓頭鷹出版","2016年",,,"植物圖鑑,臺灣"
,,"墾丁國家公園海岸植被","陳玉峯",,"墾丁國家公園管理處","74年",,,"墾丁國家公園"
,,"綠島海岸植被","陳玉峯",,"前衛","2015年","978-957-801-773-3",,"植物志,臺東縣綠島鄉"
,,"臺灣特用植物圖鑑","臺灣特用植物圖鑑編輯小組編著",,"省立博物館","74年",,,"植物,臺灣"
,,"濕地生物多樣性研討會論文集","蔣鎮宇、許再文",,,,,,
,,"台灣生物資源研究現況","彭鏡毅",,"中央研究院植物研究所","81年",,,"生物,臺灣,調查"
,,"臺灣稀有及瀕危植物之分級(Ⅰ)彩色圖鑑","呂勝由, 林明志",,"行政院農業委員會","85年","9789570081664",,"植物,臺灣,圖錄"
,,"臺灣稀有及瀕危植物之分級(Ⅴ)彩色圖鑑","行政院農業委員會",,"行政院農業委員會","89年",,,"植物,臺灣,圖錄"
,,"臺灣稀有及瀕危植物之分級(Ⅵ)彩色圖鑑","呂勝由, 林明志",,"行政院農業委員會","90年",,,"植物,臺灣,圖錄"
,,"壽山自然公園生態系列叢書圖鑑(下)植物篇","張學文",,"高雄市建設局","92年","957-01-5183-8",,"植物,臺灣,圖錄,動物"
,,"邦查米阿勞-東台灣阿美民族植物","黃啟瑞",,"行政院農業委員會林務局","2009年","9789860223156",,"臺灣"
,,"大地有情-台灣植物的四季","陳月霞",,"玉山社出版","1995年","9579361177",,"植物,臺灣"
,,"種子學","郭華仁","山林復育協會","國立臺灣大學出版中心出版","2015年","9579361177",,"種子"
,,"瞬間-用鏡頭留住長江瀕危生物","高寶燕、張先峰、王小強","張維倫",,,,,
,,"台灣竹圖鑑","呂錦明","山林復育協會","晨星發行","2010年","9789861774046",,"竹,植物圖鑑,台灣"
,,"陽明山國家公園外來入侵種手冊","趙榮台","蘇夢淮","[內政部營建署]陽明山國家公園管理處","101年","9789860353327",,"植物,動物,生物多樣性,陽明山國家公園"
,,"馨香蘭華-華林林場蘭科植物解說手冊","黃啟東","蘇夢淮","中國文化大學森林暨自然保育學系","92年","9570143975",,"蘭花"
,,"山村有教室，青年公益推動者教育實作工具書","國立成功大學 山村有教室團隊、教務處",,"國立成功大學 山村有教室團隊、教務處",,,,
,,"悲歌美麗島","齊柏林",,"行政院經濟建設委員會","97年","986-00-0593-1",,"攝影,作品集,生態學,自然保育"
,,"大割裂:哭泣的心臟","楊順明等編輯",,"南投縣政府","2000年","957-02-7000-4",,"震災,賑災,地震,臺灣"
,,"竹山林業史誌","林漢梁",,"[南投縣竹山鎮] : 頂林林業生產合作社","2000年","957-744-397-4",,"產業,南投縣,歷史,林業"
,,"岩石的故事:雪霸國家公園地形地質解說專書","劉桓吉, 俞錚皞, 楊金臻",,"內政部營建署雪霸國家公園管理處","93年","957-01-9872-9",,"地形,臺灣,地質,雪霸國家公園"
,,"澳門白蟻","澳門特別行政區民政總署園林綠化部",,"澳門特別行政區民政總署園林綠化部","2012年","978-99965-0-111-1",,"白蟻,澳門特別行政區"
,,"澳門苔蘚植物誌","澳門特別行政區民政總署園林綠化部",,"澳門特別行政區民政總署園林綠化部","2010年","979-99937-00-22-6",,"苔蘚植物,澳門特別行政區"
,,"台灣植被誌(第一卷):總論及植被帶概論","陳玉峰",,"前衛出版","2001年","957-801-312-4",,"植物,臺灣"
,,"台灣植被誌(第二卷):高山植被帶與高山植物(上)","陳玉峰",,"晨星","1997年","957-583-566-2",,"植物,臺灣"
,,"台灣植被誌(第二卷):高山植被帶與高山植物(下)","陳玉峰",,"晨星","1997年","957-583-567-0",,"植物,臺灣"
,,"台灣植被誌(第三卷)亞高山冷山林帶與高地草原(上)","陳玉峰",,"前衛","1998年","957-801-181-4",,"植物,臺灣"
,,"台灣植被誌(第三卷)亞高山冷山林帶與高地草原(下)","陳玉峰",,"前衛","1998年","957-801-182-2",,"植物,臺灣"
,,"台灣植被誌(第四卷)檜木霧林帶","陳玉峰",,"前衛","2001年","957-801-334-5",,"植物,臺灣"
,,"台灣植被誌.第五卷，台灣鐵杉林帶(上)","陳玉峰",,"前衛","2004年","957-801-448-1",,"植物,臺灣"
,,"台灣植被誌.第五卷，台灣鐵杉林帶(下)","陳玉峰",,"前衛","2004年","957-801-449-X",,"植物,臺灣"
,,"台灣植被誌.第六卷，闊葉林(一):南橫專冊","陳玉峰",,"前衛","2006年","978-957-801-501-2",,"植物,臺灣"
,,"台灣植被誌.第六卷，闊葉林(二)上冊","陳玉峰",,"前衛","2007年","978-957-801-522-7",,"植物,臺灣"
,,"台灣植被誌.第六卷，闊葉林(二)下冊","陳玉峰",,"前衛","2007年","978-957-801-523-4",,"植物,臺灣"
,,"台灣植被誌，第九卷，物種生態誌(一)","陳玉峰",,"前衛","2007年","978-957-801-545-6",,"植物,臺灣"
,,"台灣好野菜 : 二十四節氣田邊食","種籽節氣飲食研究室",,"晨星","2013年","978-986-177-755-9",427.3,"蔬菜食譜"
,,"春夏秋冬-天文星座觀測趣","藤井旭",,"瑞昇文化","2012年","978-986-294-041-9",,"星座,天象"
,,"訪古‧台南‧行-府城手繪書","陳貴芳、李慧玲",,"玉山社","2012年","978-986-6185-23-6",,"旅遊,臺南市"
,,"花草茶","佐ヶ木熏",,"太雅","2002年","957-8576-48-X",,"茶"
,,"原生蔬菜栽培繁殖及料理應用介紹","薛銘童、吳菁菁、蘇玲珠","山林復育協會","行政院農業委員會臺東區農場改良場","104年","1010402347","無分類號","蔬菜,栽培,蔬菜食譜"
,,"大坑一號步道導覽手冊",,,,,,,
,,"夜行性動物全集","JIM PIPE",,"小牛津國際文化有限公司","1999年","957-97934-4-1",,
,,"叢林動物全集","JIM PIPE",,"小牛津國際文化有限公司","1999年","957-97934-6-8",,
,,"鳥類地圖集","芭芭拉‧泰勒、理查‧奧爾",,"台灣英文雜誌社有限公司","1994年","957-632-274-4-X",,
,,"夏天的故事","張志蕙",,"行政院環境保護署","1996年",,,
,,"翻滾吧!鱸鰻","張恒嘉、葉佳幸",,"台灣永續聯盟","2011年","978-986-84079-4-7",,"鰻"
,,"微醺紫蝶","張恒嘉、蔡佳蓉、陳亭余",,"農委會林務局","2013年","978-986-03-8961-6",,"蝴蝶,臺灣"
,,"生態大發現1-生命怎麼來的?","JEAN-BENOÎT DURAND",,"鄉宇文化","2007年","957-28385-5-5",,"生命科學,通俗作品"
,,"生態大發現2-地球，你好嗎?","FRANÇOIS MICHEL",,"鄉宇文化","2007年","957-28385-5-5",,"環境科學,通俗作品,環境保護"
,,"生態大發現3-我們都是水做的","FRANÇOIS MICHEL",,"鄉宇文化","2007年","957-28385-5-5",,"水,通俗作品"
,,"生態大發現4-活在鹽的世界裡","NATHALIE TORDIMAN",,"鄉宇文化","2007年","957-28385-5-5",,"鹽,通俗作品"
,,"生態大發現5-有個性的太陽","MICHÈLE MIRA PONS",,"鄉宇文化","2007年","957-28385-5-5",,"太陽,通俗作品"
,,"生態大發現6-能源停看聽","FRANÇOIS MICHEL",,"鄉宇文化","2007年","957-28385-5-5",,"能源,通俗作品"
,,"螃蟹過馬路","玉米辰",,"木田工場有限公司","2009年","978-986-85353-1-2",,
,,"廖添丁","魏吟冰",,"木田工場有限公司","2010年","978-986-85353-2-9",,
,,"老鼠娶親","玉米辰、林均品",,"木田工場有限公司","2010年","978-986-85353-3-6",,
,,"虎姑婆","玉米辰",,"木田工場有限公司","2010年","978-986-85353-4-3",,
,,"老祖宗的交代","玉米辰",,"木田工場有限公司","2012年","978-986-85353-5-0",,
,,"海底變形蟲","玉米辰",,"木田工場有限公司","2012年","978-986-85353-7-4",,
,,"好觀點系列1 是誰偷尿尿?","玉米辰",,"淘花源文化事業股份有限公司","2008年","978-986-84172-0-5",,
,,"好觀點系列4 天空金城","玉米辰",,"木田工場有限公司","2013年","978-986-85353-8-1",,
,,"好觀點系列6 青蛙不必變王子","玉米辰",,"木田工場有限公司","2012年","978-986-85353-9-8",,
,,"好觀點系列8 捕蝶人","玉米辰",,"木田工場有限公司","2014年","978-986-91412-0-8",,
,,"應用倫理評論",,,"桃園縣中壢市 : 國立中央大學哲學研究所","2018年","1028-2483(ISSN)",,"倫理學,期刊"
,,"樹的祕密生命","彼得.渥雷本(Peter Wohlleben)",,"商周出版","2016年","9789864770106",,"森林生態學,樹木"
,,"臺灣野生食用植物圖錄","/台灣植物同好會",,"玉山社","2009年","9789866789410",,"食用植物,植物圖鑑,臺灣"
,,"Home : 地球降溫手冊","揚‧亞祖-貝彤(Yann Arthus-Bertrand)",,"行人文化實驗室","2010年","9789868581029","無分類號","地球暖化,溫室效應,全球氣候變遷,環境保護"
,,"Home","揚‧亞祖-貝彤(Yann Arthus-Bertrand)",,"行人文化實驗室","2009年","978-986-85810-0-5",987.81,"紀錄片,環境保護"
,,"嚮往美感的讀書會 : 99則經營讀書會智慧心法","方隆彰",,"香海文化出版","2013年","9789866458699",,"讀書會"
,,"台灣常見蚯蚓、蛭類圖鑑","賴奕德",,"遠足文化","2018年","9789578630109",,"蚯蚓,蛭綱,植物圖鑑"
,,"最後一次相遇,我們只談喜悅","達賴喇嘛(Dalai Lama), 戴斯蒙.屠圖(Desmond Tutu), 道格拉斯.亞伯拉姆(Douglas Abrams)",,"天下雜誌出版","2017年","9789863982555",,"藏傳佛教,佛教修持,快樂"
,,"超圖解土壤的基礎知識","藤原俊六郎",,"晨星","2017年","9789864432332",434.2207,"土壤"
,,"希望之翼 : 倖存的奇蹟,以及雨林與我的故事","茱莉安‧柯普科(Juliane Koepcke)",,"橡樹林文化出版","2013年","9789866409523",,"傳記"
,,"一本真情,我在讀書會等你","王邦雄",,"遠流","2013年","9789573273066",,"讀書會"
,,"看懂臺灣的野花.－北、中部篇","葉子",,"時報文化","2016年","9789571365473",,"種子植物,植物圖鑑,臺灣"
,,"原來野花這麼美 : 從田野到巷弄,57款臺灣本土植物寫真,一起尋花、賞花趣。","葉子",,"麥浩斯出版","2015年","9789865680435",,"植物志,賞花,臺灣"
,,"原來喬木這麼美","葉子",,"麥浩斯出版","2016年","9789864081523",,"木本觀賞植物"
,,"和平飲食 : 素食理論的聖經","威爾‧塔托(Will Tuttle)",,"原水文化出版","2012年","9789866379611",,"飲食風俗,全球倫理,素食主義"
,,"臺灣的生態旅遊","楊秋霖",,"遠足文化","2007年","9789867630957",,"生態旅遊,臺灣,生態旅遊,描述與遊記"
,,"臺灣茶鄉之旅","坪林茶葉博物館",,"聯經","2004年","9570827947",,"茶業,臺灣,描述與遊記"
,,"解析公民投票","曹金增",,"五南","2004年","9571135526",,"公民投票"
,,"人與自然的對決","陳玉峯",,"晨星發行","1992年","9575832620",,"自然保育"
,,"生態臺灣","陳玉峰",,"晨星發行","1996年","957583531X",,"生態學,論文, 講詞等"
,,"人與自然的對決","陳玉峯",,"晨星發行","1992年","9575832620",,"自然保育"
,,"人文與生態","陳玉峰",,"前衛出版","1997年","9578011369",,"自然保育,臺灣,論文,講詞,文化"
,,"臺灣生態悲歌","陳玉峰",,"前衛","1997年","9578011377",,"生態學,論文,講詞,環境保護,臺灣"
,,"土地的苦戀","陳玉峰",,"晨星發行","1994年","9575833953",,"自然保育"
,,"21世紀臺灣主流的土石亂流 : 臺灣山地災變解析及災後人造孽","陳玉峰, 張豐年",,"前衛出版","2002年","9578013450",,"土石流,環境保護,文集"
,,"自然學習者的教育觀","陳玉峰",,"前衛出版","2004年","9578014376",,"高等教育,論文,講詞"
,,"亂世鴻爪","陳玉峰",,"淨心文教基金會","2006年","978-986-82559-0-6",,"環境保護,文集,自然保育"
,,"全民造林、全民找林 : 一位環境經濟學者的反思","吳佩瑛",,"新新臺灣文化教育基金會出版","2004年","9572975005",,"植物"
,,"台灣綠色傳奇","陳玉峰",,"張老師","1991年","9579486514",,"植物,生態,臺灣"
,,"私房菜","陳玉峰",,"前衛出版","2014年","9789578017351",,"言論集"
,,"環保神明大進擊 : 後勁反五輕世紀終戰前夕","陳玉峰",,"前衛出版","2014年","9789578017436",,"環境保護,社會運動,民間信仰"
,,"動物倫理與公共政策","費昌勇",,"臺灣商務","2002年","9570517131",,"動物保護"
,,"臺灣民俗植物 : 認識二十四節氣","吳憶萍",,"田野影像出版","2001年","9869998933",,"植物,臺灣"
,,"臺灣保育類野生動物圖鑑","鄭錫奇",,"南投縣集集鎮 : 行政院農業委員會特有生物研究保育中心","2003年","9570159405",,"稀有動物,臺灣,圖錄,動物保護"
,,"野生動物保育工作手冊 = Wildlife conservation handbook","翁嘉駿",,"行政院農業委員會林務局","2009年","9789860205626",,"野生動物保育,手冊,臺灣"
,,"臺灣種樹大圖鑑","羅宗仁",,"天下遠見出版","2007年","9864178458",,"樹木,臺灣,圖錄"
,,"臺灣種樹大圖鑑","羅宗仁",,"天下遠見出版","2007年","9864178466",,"樹木,臺灣,圖錄"
,,"被囚禁的臺灣 : 國共聯手構陷本土政權陰謀侵吞臺灣","袁紅冰",,":袁紅冰","2012年","9789574195169",,"臺灣政治,時事評論"
,,"都是愛迪生惹的禍 : 光害","林憲德",,"新自然主義出版","2009年","9789576966507",,"光,照明,環境保護"
,,"民國廢核元年 : 廢四核、清核廢,全國接力行腳(一)","陳玉峰",,"前衛出版","2013年","9789578017269",,"反核,核能"
,,"核電是騙人的 : 核工學者的真實證言","小出裕章",,"推守文化創意出版","2012年","9789866570773",,"核能發電,和能汙染,輻射防護"
,,"質性研究概論","Anselm Strauss & Juliet Corbin",,"巨流","1997年","957732083X",,"社會科學,統計方法"
,,"野花圖鑑 : 臺灣四百多種野花生態圖鑑","張永仁",,"遠流","2002年","9573247569",,"花卉,臺灣,圖錄"
,,"蕨類圖鑑 : 臺灣三百多種蕨類生態圖鑑","郭城孟",,"遠流","2001年","9573245205",,"蕨類植物,圖錄"
,,"蕨類入門","郭城孟",,"遠流","2002年","9789573245018",,"蕨類植物"
,,"一扇新門 : 道路.真理.生命","雷煥章",,"光啟文化","2014年","9789575467906",,"神學"
,,"人生經濟學 : 時間.空間.人與人之間","釋證嚴",,"天下遠見","2009年","9789862164532",,"佛教修持,人生哲學"
,,"美好的晚年","釋聖嚴",,"法鼓文化","2010年","9789575985035",,"傳記"
,,"看! 這就是生物學","麥爾(Ernst Mayr)",,"天下遠見出版","1999年","9576215447",,"生物學"
,,"動物大百科 : 與世界同步掌握最新的1000種動物生態 = Animals","羅曼納‧安德洛瓦(Romana Anderova)",,"臺北縣中和市 : 明天國際圖書","2008年","9789866658433",,"動物,通俗性讀物"
,,"臺灣花卉實用圖鑑","薛聰賢",,"薛聰賢出版","1999年","9789579702423",,"花卉,臺灣,圖錄"
,,"臺灣針葉樹學名之名詞解說 = A guide to Taiwan gymnosperm name related terminology","劉和義",,"行政院農業委員會林務局","208年","9789860153514",,"裸子植物,針葉林,生物命名"
,,"臺灣珍稀水生植物","黃朝慶",,"彰化縣環境保護聯盟","1999年","9579739358",,"水生植物,臺灣"
,,"臺灣維管束植物簡誌","郭城孟",,"行政院農業委員會","1997年","9570098325",,"維管植物,臺灣,蕨類植物"
,,"臺灣維管束植物簡誌","郭城孟",,"行政院農業委員會","1997年","9570098333",,"維管植物,臺灣,蕨類植物"
,,"臺灣維管束植物簡誌","郭城孟",,"行政院農業委員會","1997年","9570232242",,"維管植物,臺灣,蕨類植物"
,,"臺灣維管束植物簡誌","郭城孟",,"行政院農業委員會","1997年","9570253479",,"維管植物,臺灣,蕨類植物"
,,"綠色全球宣言","Michael Woodin ＆ Caroline Lucas",,"立緒文化","2005年","9867416252",,"國際經濟,經濟發展,環境保護"
,,"瑪哈希尊者傳","戒喜尊者",,"臺灣佛陀原始正法學會","2012年","9789868654624",,"馬哈希,佛教傳記,緬甸"
,,"森林植物生態學","劉棠瑞. 蘇鴻傑",,"臺灣商務","1983年","9570500182",,"森林生態學"
,,"大坑5-1步道 : 植物導覽手冊","范德政",,"臺中市大坑文化協會","2006年","9868174813",,"植物,臺灣"
,,"澎湖旅遊導覽手冊 = Penghu walker","澎湖縣政府",,"澎湖縣政府","2002年","9570116242",,"澎湖縣,描述與遊記"
,,"澎湖生態保育手冊","林長興",,"澎湖縣馬公市:澎縣府","2000年","957027037",,"自然保育,生物,澎湖縣"
,,"臺中縣太平市頭汴坑休閒農業區河川生態解說資源手冊","盧瑾源",,"臺中縣太平市農會","2010年","9789860229561",,"休閒農業區,生態旅遊,自然資源,解說"
,,"太平區頭汴坑休閒農業區 : 地質地形解說資源手冊","盧瑾源",,"臺中市太平區農會","2011年","9789860289046",,"休閒農業區,地質,地形,自然資源,解說"
,,"太平市頭汴坑休閒農業區夜間生態解說資源手冊","廖炯良, 盧瑾源",,"臺中縣太平市農會","2009年","9789860196184",,"休閒農業區,生態旅遊,自然資源,解說"
,,"臺中市太平區頭汴坑休閒農業區 : 枇杷的故鄉產業資源解說手冊","許彩梁, 黃實全",,"臺中市太平區農會","2013年","9789860390087",,"枇杷,解說"
,,"45種臺灣海岸濕地常見螃蟹圖鑑","劉烘昌，王嘉祥",,"北市野鳥學會","2010年","9789868204577",,"蟹,動物圖鑑,臺灣"
,,"臺中市太平區頭汴坑休閒農業區爬蟲類生態解說資源手冊","盧瑾源",,"臺中市太平區農會","2012年","9789860335835",,"爬蟲類,解說,臺中市"
,,"澳門苔蘚植物名錄 = Checklist of Macao bryophytes","澳門特別行政區民政總署園林綠化部深圳市仙湖植物園",,"澳門特別行政區民政總署園林綠化部","2009年","9799993700134",,"苔蘚植物,名錄,澳門特別行政區"
,,"認識校園危險動物","林文隆, 曾志明, 姚采宜",,"臺中市霧峰區吉峰國民小學","2012年","9789860335750",,"動物,臺灣"
,,"墾丁國家公園海岸植被","陳玉峰",,"墾丁國家公園管理處","1985年",,,"墾丁國家公園"
,,"阿里山森林鐵道(1912-1999). 車輛篇","蘇昭旭",,"人人月曆公司出版","2001年","957304000X",,"鐵路,臺灣,歷史,鐵路車輛,圖錄"
,,"馬祖植物誌 = Flora of Matsu","郭城孟",,"南竿鄉 : 連江縣政府","2004年","9570188413",,"植物,福建省連江縣,圖錄"
,,"阿里山 : 永遠的檜木霧林原鄉","陳玉峰, 陳月霞",,"前衛出版","2005年","9578014589",,"林業,臺灣,歷史,阿里山"
,,"台灣植被誌.第八卷，地區植被專論(一):大甲鎮植被","陳玉峰",,"前衛","2005年","9578014791",,"植物,台灣"
,,"藥用植物學","甘偉松",,"中國醫藥研究所","1969年",,,
,,"臺灣種子植物要覽","楊遠波",,"行政院農業委員會林務局","2008年","9789860173574",,"種子植物,台灣"
,,"臺灣種子植物科屬誌 = Family and genus flora of Taiwan seed plants","楊遠波",,"行政院農業委員會林務局","2009年","9789860223163",,"種子植物,台灣"
,,"植物分類學 : 臺灣維管束植物科誌","黃增泉",,"南天","1996年","9576383951",,"植物,分類,臺灣"
,,"全國搶救棲蘭檜木林運動誌","陳玉峰",,"愛智圖書公司","2000年",,,"森林保護,環境保護"
,,"環境倫理思想評析","鐘丁茂",,"皇家圖書","1999年","9579797404",,"環境科學,哲學,原理,環境保護,"
,,"空氣淨化工程學","陳世偉",,"中華水電冷凍空調雜誌","1990年",,,"空氣汙染"
,,"雪山森情","陳俐卉，陳重豪",,"台中縣和平鄉大雪山社區發展協會","2005年",,,
,,"情境越南","張坤州",,"生活家出版事業有限公司","2004年",,,
,,"庭園路旁耕地的花草","許建昌",,"臺灣省教育會","1975年",,,
,,"臺灣的禾草","許建昌",,"臺灣省教育會","1975年",,,
,,"圖解植物學辭典","詹姆斯‧吉‧哈里斯，米琳達‧沃爾芙‧哈里斯",,"科學出版社","2001年","7030095790",,
,,"鳳凰永隆村志","張志相",,"南投縣鹿谷鄉鳳凰國民小學","2001年",,,
,,"臺灣樹木圖誌 = Trees of Taiwan (第1卷 ; 精裝)","呂福原, 歐辰雄, 陳運造",,"臺中市 : 歐辰雄","2000年","957974730X",,"樹木,臺灣,圖錄"
,,"臺灣樹木圖誌 = Trees of Taiwan (第2卷 ; 精裝)","呂福原, 歐辰雄, 陳運造",,"臺中市 : 歐辰雄","2000年","9574133915",,"樹木,臺灣,圖錄"
,,"臺灣樹木圖誌 = Trees of Taiwan (第3卷 ; 精裝)","呂福原, 歐辰雄, 陳運造",,"臺中市 : 歐辰雄","2000年","9789574176335",,"樹木,臺灣,圖錄"
,,"lora of Taiwan : Gymnospermae, Angiospermae : supplement = 臺灣植物誌 : 裸子植物, 被子植物 : 補遺","Jenn-Che Wang and Chang-Tse Lu",,"Taipei : National Taiwan Normal University","1996年","9579019924",,"Gentianaceae,Taiwan,Plants"
,,"植物學名詞","植物學名詞審定委員會",,"科學出版社","1991年","703002724",,
,,"植物學名詞辭典 = English Chinese dictionary of botany","吳連生, 石啟耀",,"臺北市 : 名山出版","1985年",,,"植物學,字典, 辭典"
,,"行道樹管理","黃振文, 張豐年, 董時叡",,"臺中市 : 世維","1999年","9579903956",,"行道樹,管理,論文,講詞,都市美化"
,,"熹君低碳食譜","劉熹君",,"森田文化坊","2013年",,,
,,"佳龍帶你遊臺中 = visit Taichung","路寒袖",,"遠景出版","2014年","9789573909194",,"旅遊,臺中市"
,,"霧林之歌-宜蘭古道自然發現史","吳永華",,"行政院農業委員會林務局羅東林區管理處","2018年","978-986-05-6275-0",,"自然史,自然地理,宜蘭縣"
,,"農耕酵素手冊(第四版)",,,,,,,
,,"海鮮的美味輓歌","泰拉斯‧格雷斯哥(作者) 陳信宏(譯者)","林佩錦","時報文化出版企業股份有限公司","2018年","978-957-13-7428-4",,
,,"鳥的旅行","陳胤",,"彰化縣文化局","2016年","978-986-04-9745-8",,
,,"生態與旅行-台日當代作家研討會論文集","崔末順、吳佩珍、紀大偉(主編)",,"秀威資訊科技股份有限公司","2018年","978-986-96186-7-0",,"生態文學,旅遊文學,文學評論,文集"
,,"我們為何在此","史蒂芬‧霍金 等",,"香港科技大學、商務印書館","2018年","978-962-07-5791-4",,
,,"賈柏斯傳","華特‧艾薩克森",,"天下文化書坊","2011年","978-986-320-279-0",,"賈伯斯,蘋果公司,傳記,電腦資訊業"
,,"專業之死","湯姆‧尼可斯(作者) 劉煥昇(譯者)",,"臉譜出版","2018年","978-986-235-687-6",,"資訊社會,知識社會學"
,,"南方澳大戲院興亡史","邱坤良","蔡智豪","9/9少",,,,
,,"團隊，從傳球開始","伍登‧詹明信(作者) 周汶昊(譯者)",,"木馬文化事業股份有限公司","2015年","978-986-359-190-0",,"領導者,領導統御"
,,"香藥草植物圖鑑","張定霖、吳昭祥、洪進雄",,"行政院農業委員會種苗改良繁殖場","2003年","957-01-6047-0",,"香藥草植物圖鑑"
,,"半農半X的生活-順從自然，實踐天賦","塩見直紀(作者) 蘇楓雅(譯者)",,"天下遠見出版股份有限公司","2006年","986-417-795-8",,
,,"一整年不用錢-免費+自由 一個經濟系畢業生的不用錢生活實驗","馬克‧鮑伊(作者) 莊安祺(譯者)",,"大塊文化","2011年","978-986-213-2197",,"簡化生活,生活方式"
,,"311的釜石奇蹟-日本大地震中讓孩子全員生還的特別課程","NHK特別採訪小組",,"行人文化實驗室","2018年","978-986-95462-9-4",,"防災教育,地震,海嘯"
,,"人智-臺中-臺中學國際研討會論文集","社團法人臺灣生態城市暨國土規劃學會",,"臺中市政府研究發展考核委員會","2017年",,,
,,"從前從前有一座森林","婓德利克‧芒索(圖文) 徐麗松(譯者)",,"水滴文化","2016年","978-986-5730-33-8",,
,,"鹿谷鄉志(上)","林光演",,"南投縣鹿谷鄉公所","2009年","978-986-02-1684-4","733.9/119.9/123.1","方志,南投縣鹿谷鄉"
,,"鹿谷鄉志(下)","林光演",,"南投縣鹿谷鄉公所","2009年","978-986-02-1684-4","733.9/119.9/123.1","方志,南投縣鹿谷鄉"
,,"種回小林村的記憶","徐銘駿",,"高雄市杉林區日光小林社區發展協會","2017年","978-986-95852-1-7",536.33,"台灣原住民,台灣史,植物"
,,"浸水營古道-一條走過五百年的路","徐如林、楊南郡",,"行政院農業委員會林務局",2014,"978-986-04-0517-0",733.6,"自然地理,人文地理,浸水營古道"
,,"興隆淨寺(一)-1985之前","陳玉峯",,"愛智圖書有限公司","2011年","978-957-608-368-6",272.097,"寺廟,民間信仰,高雄市"
,,"航照樹語-台灣地區常見樹種立體像片對判釋","鄧國禎",,"行政院農業委員會林務局農林航空測量所","2015年","978-986-04-7084-0",440.981,"航空測量,航空攝影"
,,"微醺紫蝶","張桓嘉、蔡佳蓉、陳亭余 著 / 姚采宜 繪",,"行政院農業委員會林務局","2013年","978-986-03-8961-6",387.793,"蝴蝶,臺灣"
,,"學‧森林-使用說明","行政院農業委員會林務局",,"行政院農業委員會林務局","2018年","978-986-05-3920-2",436.12,"森林生態學,環境教育"
,,"學‧森林-森林經營與技術",,,,,,,
,,"學‧森林-當代環境議題","行政院農業委員會林務局",,"行政院農業委員會林務局","2018年","978-986-05-3920-2",436.12,"森林生態學,環境教育"
,,"學‧森林-森林文化與倫理","行政院農業委員會林務局",,"行政院農業委員會林務局","2018年","978-986-05-3920-2",436.12,"森林生態學,環境教育"
,,"學‧森林-森林生態與功能","行政院農業委員會林務局",,"行政院農業委員會林務局","2018年","978-986-05-3920-2",436.12,"森林生態學,環境教育"
,,"廢墟少年","李雪莉、簡永達",,"衛城出版","2018年","978-986-96817-6-6",578.13,"兒童保護,青少年問題,社會工作"
,,"能高越嶺道-穿越時空之旅","徐如林、楊南郡",,"行政院農業委員會林務局",2011,"978-986-05-1441-4",733.28,"臺灣史,賽德克族,霧社事件"
,,"合歡越嶺道-太魯閣戰爭與天險之路","徐如林、楊南郡",,"行政院農業委員會林務局","2016年","978-986-04-8840-1",733.6,"自然景觀,人文地理,合歡山越嶺古道"
,,"天氣100問-破解一百個不可思議的氣象秘密","天氣風險管理開發公司 著 / 陳彥伶 繪",,"親子天下股份有限公司","2018年","978-957-9095-64-8",308.22,"氣象,問題集"
,,"城市裁縫師-改變臺中的15個解決方案","林佳龍 等",,"臺中市政府","2018年","978-986-05-6771-7","575.33/115","公共行政,臺中市"
,,"應用倫理評論-專題：山林倫理","蔡智豪 等",,"國立中央大學哲學研究所/國立中央大學人文研究中心 共同發行","2018年",,,
,,"疾病的希望","托瓦爾特‧德特雷福仁/呂迪格‧達爾可 著 /易之新 譯 ",,"心靈工坊文化事業股份有限公司","2017年","978-986-357-095-0",415,"心身醫學,症候學"
,,"環境倫理學","霍爾姆斯‧羅爾斯頓 著 / 揚通進 譯",,"中國社會科學出版社","2000年","7-5004-2743-3",,
,,"生態倫理-精神資源與哲學基礎","何懷宏",,"河北大學出版社","2002年","7-81028-828-8",,
,,"咖啡.咖啡","陳胤",,"柳河文化工作室",2007,"9789572954416",855,"文學,散文"
,,"河口新樂園：生態遊戲書","陳勇輝、周淑芬",,"國立海洋生物博物館",2010,"978-986-02-4507-3",523.36,"生態教育,河口,教學遊戲,中小學教育"
,,"芳苑海牛","潘樵",,"彰化縣西海岸環境教育保育協會",2017,"978-986-95974-0-1","733.9/121.9/129.4","人文地理,彰化縣芳苑鄉"
,,"東西的故事","安妮‧雷納德(Annie Leonard)",,"時報文化出版",2010,"978-957-13-5214-5",541.2,"物質文化,消費"
,,"樹的秘密生命","彼得‧渥雷本(Peter Wohlleben)",,"城邦文化事業",2016,"978-986-477-010-6",436.12,"森林生態學,樹木"
,,"章魚，心智，演化：探尋大海及意識的起源","彼得‧戈福雷史密斯(Peter Godfrey-Smith)",,"紅樹林出版",2017,"978-986-7885-92-0",301,"科學哲學,意識,軟體動物"
,,"台灣常見 蚯蚓、蛭類圖鑑","賴亦德、陳俊宏",,"遠足文化",2018,"978-957-8630-10-9",386.696025,"蚯蚓,蛭類,動物圖鑑"
,,"台灣野生食用植物圖錄","台灣植物同好會",,"玉山社出版",2009,"978-986-6789-41-0",376.14025,"食用植物,植物圖鑑,臺灣"
,,"台灣行道樹圖鑑","陳俊雄、高瑞卿、郭信厚",,"貓頭鷹出版",2008,"978-986-6651-02-1",436.13333,"行道樹,圖錄,台灣"
,,"臺灣的生態系","李培芬",,"遠足文化",2008,"978-986-6731-16-7",367.8,"生態系,臺灣"
,,"綠色資本家：一個可永續企業的實踐典範","雷‧安德生(Ray C. Anderson)",,"新自然主義",2006,"978-957-696-613-2",490.15,"企業社會學,環境保護"
,,"臺灣的山脈","楊建夫",,"遠足文化",2001,"957-30493-6-8",683.32,"山岳,臺灣"
,,"台灣森林的故事","丁昶升等",,"農委會林務局",2005,"986-00-4042-7",992.8232,"森林遊樂,臺灣,描述與遊記"
,,"黑手玩家：手作與生活器物的美好交會","阿默、赤牛仔",,"張老師",2014,"978-957-693-844-3",999.9,"廢棄物利用,手工藝"
,,"海岸植被","陳玉峯",,"墾丁國家公園管理處",1985,,,
,,"零地點","伊格言",,"麥田出版",2013,"978-986-173-977-9",857.7,
,,"廢墟台灣","宋澤萊",,"前衛出版",2013,"978-957-801-729-0",863.57,
,,"森林 部落 人：太魯閣林業史","王鴻濬",,"行政院農業委員會花蓮林區管理處",2018,"978-986-05-6966-7",436.0933,"林業,歷史,花蓮縣"
,,"世界第一位樹醫生：約翰 戴維(John Davey)","張文亮",,"宇畝文化創意出版",2018,"978-957-8423-64-0",784.18,"戴維,傳記"
,,"和動物生活的四季：《所羅門王的指環》作者與灰雁共享自然的動物行為啟示","康拉德‧勞倫茲(Konrad Lorenz)",,"木馬文化出版",2019,"978-986-359-621-9",383.7,"動物行為"
,,"台灣原生植物全圖鑑(第一卷)","鐘詩文、許天銓",,"貓頭鷹出版",2016,"978-986-262-317-6",375.233,"植物圖鑑,臺灣"
,,"台灣原生植物全圖鑑(第二卷)","許天銓、鐘詩文",,"貓頭鷹出版",2016,"978-986-262-308-4",375.233,"植物圖鑑,臺灣"
,,"台灣原生植物全圖鑑(第三卷)","陳志輝、廖顯淳、林哲宇、葉修溢、吳聖傑、鐘詩文",,"貓頭鷹出版",2017,"978-986-262-328-2",375.233,"植物圖鑑,臺灣"
,,"台灣原生植物全圖鑑(第四卷)","鐘詩文",,"貓頭鷹出版",2017,"978-986-262-337-4",375.233,"植物圖鑑,臺灣"
,,"台灣原生植物全圖鑑(第五卷)","鐘詩文",,"貓頭鷹出版",2018,"978-986-262-342-8",375.233,"植物圖鑑,臺灣"
,,"台灣原生植物全圖鑑(第六卷)","鐘詩文",,"貓頭鷹出版",2018,"978-986-262-352-7",375.233,"植物圖鑑,臺灣"
,,"台灣原生植物全圖鑑(第七卷)","鐘詩文",,"貓頭鷹出版",2018,"978-986-262-358-9",375.233,"植物圖鑑,臺灣"
,,"苦雨之地","吳明益",,"新經典圖文傳播",2019,"978-986-96892-7-4",857.63,
,,"三個小承諾預約更好的自己","大衛.汶萊(David J. Pollay)",,"大塊文化出版",2015,"978-986-213-609-6",494.35,"職場成功法,工作滿意度"
,,"不消費的一年：購物狂的重生之旅，擁有越少，得到更多","凱特‧弗蘭德斯(Cait Flanders)",,"遠流",2018,"978-957-32-8357-7",177.2,"自我實現,決策管理,生活指導"
,,"「蕃地」統治與「山地」行政：臺灣原住民族社會的地方化","松岡格",,"臺大出版中心",2018,"978-986-350-273-9",536.3307,"臺灣原住民,民族問題,日據時期"
,,"為什麼孩子要上學","大江健三郎",,"時報文化",2002,"957-13-3726-9",861.6,
,,"山中","馬努葉爾‧馬爾索、卡門‧奇卡(Manuel Marsol、Carmen Chica)",,"大塊文化出版",2019,"978-986-213-950-9",,
,,"森林裡的橡樹","高森登志夫",,"步步出版",2018,"978-986-96286-2-4",,
,,"手繪植物風橡皮章應用圖帖","HUTTE",,"新手作出版",2019,"978-986-97138-3-2",964,"工藝美術,勞作"
,,"藤田村的故事","賴信真",,"農委會林務局嘉管處",2016,"978-986-05-1116-1",541.27,"阿里山林業博物館,文化資產保存,歷史,嘉義市"
,,"台灣山林百年紀","李根政",,"天下雜誌",2018,"978-986-398-400-9",436.0933,"林業,臺灣,歷史"
,,"我聽見群山報戰功","乜寇‧索克魯曼",,"遠景",2015,"978-957-39-0972-9",863.851,
,,"聲音的奇妙旅程","崔弗‧考克斯(Trevor Cox)",,"馬可孛羅文化出版",2018,"978-957-8759-44-2",334,"聲音"
,,"森林","馬可‧馬汀(Marc Martin)",,"時報文化出版",2018,"978-957-1372-61-7",,
,,"桃色之夢：太平山百年自然發現史","吳永華",,"農委會林務局羅東林區管理處",2014,"978-986-04-2176-7",733.33103017115,"自然史,自然地理,太平山"
,,"研之有物－穿越古今！中研院的25堂人文公開課",,,"寶瓶文化",2018,"978-986-406-124-2",119.07,"人文學,社會科學,文集"
,,"lalingedan ni vuvu：祖父的鼻笛","杜寒菘",,"雙豬工作室",2018,"978-986-90182-2-7",836.859,
,,"哇比與莎比","幸佳慧、黃郁軒",,"遠見天下文化",2012,"978-986-479-608-3",,
,,"素食者","韓江",,"漫遊者文化",2016,"978-986-5671-92-1",862.57,
,,"獻燈使","多和田葉子",,"瑞蘭國際",2017,"978-986-94344-2-3",861.56,
,,"解碼台灣史1550-1720","翁佳音;黃驗",,"遠流",2017,"978-957-32-8033-0",733.24,"臺灣史,臺灣開發史"
,,"守護海洋的人魚"," 珍妮弗．伯恩(Jennifer Berne)",,"維京",2019,"9789864401734","-",
,,"拉拉庫斯回憶：我的父親高一生與那段歲月 高英傑",,,"玉山社",2019,"9789862942031",783.3886,"高一生,回憶錄"
,,"旅的水彩繪詩：彩繪旅途的花‧草‧巷‧弄"," あべまりえ (譯者：洪鈺惠)",,"良品文化",2017,"9789865724993",948.4,"水彩畫,繪畫技法"
,,"舌尖上的東協─東南亞美食與蔬果植物誌"," 胖胖樹 王瑞閔",,"麥浩斯",2019,"9789864084593",463.48,"香料,飲食風俗,東南亞"
,,"與十九世紀傑出女性科學探險家相遇：因為她們，世界變得更好"," 張文亮",,"字畝文化",2019,"9789578423770",309.9,"科學家,女性傳記,通俗作品"
,,"鱷魚的一天"," 喬凡娜・佐波莉(Giovanna Zoboli)",,"大塊文化",2019,"9789862139745","-",
,,"讓孩子們吃土：拯救你的孩子，遠離過度消毒殺菌的環境","B．布雷特．芬雷、瑪莉克萊兒;阿里耶塔(B．Brett Finlay and Marie-Claire Arrieta)",,"一中心有限公司",2018,"9789869605540",369,"微生物學"
,,"福爾摩沙‧美麗之島"," 愛麗絲．約瑟芬．包蘭亭．柯潔索夫; 哈利．阿佛森．法蘭克",,"遠足文化",2018,"9789578630932",733.21,"臺灣史,臺灣遊記"
,,"繪圖解說 樹木的知識"," 堀大才",,"晨星",2017,"9789864432134",436.1111,"樹木"
,,"撒奇萊雅族神話與傳說及火神祭","田哲益(達西烏拉彎．畢馬)",,"晨星",2019,"9789864438778",539.5339,
,,"在大自然裡找玩具：一起來玩100種花草遊戲！野餐‧露營‧近郊散步，動手玩自然"," 小林正明",,"麥浩斯",2018,"9789864084005",996,"兒童遊戲,植物"
,,"台灣原生植物全圖鑑第八卷（上）：蕨類與石松類　石松科－－烏毛蕨科"," 許天銓;陳正為;Ralf Knapp;洪信介 ",,"貓頭鷹",2019,"9789862623886",375.233,"植物圖鑑,臺灣"
,,"仿生設計大未來：人類進步的下一個關鍵"," 阿米娜．汗",,"如果出版社",2019,"9789578567177",440.8,"工業設計,仿生學,生物技術"
,,"海"," 琪雅拉．卡米納提(Chiara Carminati)",,"積木",2017,"9789864590780",,
,,"藍色大樹"," 阿敏‧哈珊扎德‧夏里夫( Amin Hassanzadeh Sharif)",,"大塊文化",2018,"9789862138588",,
,,"暗夜的螃蟹"," 魏樂富( Rolf-Peter Wille)",,"玉山社",2019,"9789862942383",,
